,,,,,,,,,,,,,,,,,,,,,,,,,,,,,,,,,,,,,,,,,,,,,,,,,,,,
,,,,,,,,,,,,,,,,,,,,,,,,,,,,,,,,,,,,,,,,,,,,,,,,,,,,
,,,Season Totals,,,,,,,,,,,,,,,,,,,,,,,,,,Per Game Stats,,,,,,,,,,,,,,,,,,,,,,,
Team,Gamertag,Event,GP,PTS,AST,TO,AST/TO,STL,BLK,REB,OREB,DREB,FGA,FGM,FG%,eFG%,2FGA,2FGM,2FG%,3FGA,3FGM,3FG%,FTA,FTM,FT%,PF TKN,PF,,PPG,APG,TO PG,AST/TO,STL PG,BLK PG,RPG,OREB PG,DREB PG,FGA PG,FGM PG,FG%,eFG%,2FGA PG,2FGM PG,2FG%,3FGA PG,3FGM PG,3FG%,FTA PG,FTM PG,FT%,PF TKN PG,PF PG
Heatcheck Gaming,24KDropOff,Mid-Season Tournament 2,1 ,4 ,3 ,1 ,3.0 ,4 ,4 ,3 ,1 ,2 ,5 ,2 ,40% ,40% ,5 ,2 ,40% ,– ,– ,-,– ,– ,-,– ,5 ,,4.0 ,3.0 ,1.0 ,3.0 ,4.0 ,4.0 ,3.0 ,1.0 ,2.0 ,5.0 ,2.0 ,40% ,40% ,5.0 ,2.0 ,40% ,– ,– ,-,– ,– ,-,– ,5.0 
Raptors Uprising GC,AllHailTrey,Mid-Season Tournament 2,1 ,22 ,2 ,– ,– ,1 ,1 ,2 ,– ,2 ,16 ,9 ,56% ,69% ,8 ,5 ,63% ,8 ,4 ,50% ,– ,– ,-,1 ,2 ,,22.0 ,2.0 ,– ,– ,1.0 ,1.0 ,2.0 ,– ,2.0 ,16.0 ,9.0 ,56% ,69% ,8.0 ,5.0 ,63% ,8.0 ,4.0 ,50% ,– ,– ,-,1.0 ,2.0 
Raptors Uprising GC,AllHailTrey,Mid-Season Tournament 1,2 ,28 ,2 ,2 ,1.0 ,– ,– ,1 ,– ,1 ,15 ,10 ,67% ,93% ,2 ,2 ,100% ,13 ,8 ,62% ,– ,– ,-,1 ,1 ,,14.0 ,1.0 ,1.0 ,1.0 ,– ,– ,0.5 ,– ,0.5 ,7.5 ,5.0 ,67% ,93% ,1.0 ,1.0 ,100% ,6.5 ,4.0 ,62% ,– ,– ,-,0.5 ,0.5 
Grizz Gaming,AuthenticAfrican,Mid-Season Tournament 2,1 ,21 ,11 ,5 ,2.2 ,– ,– ,3 ,– ,3 ,13 ,9 ,69% ,69% ,13 ,9 ,69% ,– ,– ,-,6 ,3 ,50% ,7 ,– ,,21.0 ,11.0 ,5.0 ,2.2 ,– ,– ,3.0 ,– ,3.0 ,13.0 ,9.0 ,69% ,69% ,13.0 ,9.0 ,69% ,– ,– ,-,6.0 ,3.0 ,50% ,7.0 ,– 
Grizz Gaming,AuthenticAfrican,Mid-Season Tournament 1,1 ,28 ,9 ,3 ,3.0 ,2 ,1 ,3 ,– ,3 ,15 ,12 ,80% ,90% ,11 ,9 ,82% ,4 ,3 ,75% ,1 ,1 ,100% ,4 ,3 ,,28.0 ,9.0 ,3.0 ,3.0 ,2.0 ,1.0 ,3.0 ,– ,3.0 ,15.0 ,12.0 ,80% ,90% ,11.0 ,9.0 ,82% ,4.0 ,3.0 ,75% ,1.0 ,1.0 ,100% ,4.0 ,3.0 
Grizz Gaming,Ayethreat,Mid-Season Tournament 2,1 ,7 ,4 ,1 ,4.0 ,– ,– ,– ,– ,– ,11 ,3 ,27% ,32% ,6 ,2 ,33% ,5 ,1 ,20% ,– ,– ,-,2 ,2 ,,7.0 ,4.0 ,1.0 ,4.0 ,– ,– ,– ,– ,– ,11.0 ,3.0 ,27% ,32% ,6.0 ,2.0 ,33% ,5.0 ,1.0 ,20% ,– ,– ,-,2.0 ,2.0 
Grizz Gaming,Ayethreat,Mid-Season Tournament 1,1 ,3 ,1 ,1 ,1.0 ,1 ,– ,– ,– ,– ,4 ,1 ,25% ,38% ,– ,– ,-,4 ,1 ,25% ,– ,– ,-,– ,3 ,,3.0 ,1.0 ,1.0 ,1.0 ,1.0 ,– ,– ,– ,– ,4.0 ,1.0 ,25% ,38% ,– ,– ,-,4.0 ,1.0 ,25% ,– ,– ,-,– ,3.0 
Mavs Gaming,BallLikeSeem,Mid-Season Tournament 2,2 ,14 ,2 ,– ,– ,3 ,– ,1 ,– ,1 ,9 ,4 ,44% ,56% ,4 ,2 ,50% ,5 ,2 ,40% ,4 ,4 ,100% ,4 ,– ,,7.0 ,1.0 ,– ,– ,1.5 ,– ,0.5 ,– ,0.5 ,4.5 ,2.0 ,44% ,56% ,2.0 ,1.0 ,50% ,2.5 ,1.0 ,40% ,2.0 ,2.0 ,100% ,2.0 ,– 
Mavs Gaming,BallLikeSeem,Mid-Season Tournament 1,2 ,31 ,5 ,4 ,1.3 ,3 ,– ,3 ,2 ,1 ,19 ,13 ,68% ,82% ,12 ,8 ,67% ,7 ,5 ,71% ,– ,– ,-,3 ,– ,,15.5 ,2.5 ,2.0 ,1.3 ,1.5 ,– ,1.5 ,1.0 ,0.5 ,9.5 ,6.5 ,68% ,82% ,6.0 ,4.0 ,67% ,3.5 ,2.5 ,71% ,– ,– ,-,1.5 ,– 
Bucks Gaming,Bigmeek,Mid-Season Tournament 2,2 ,17 ,3 ,1 ,3.0 ,4 ,2 ,7 ,1 ,6 ,9 ,7 ,78% ,89% ,5 ,5 ,100% ,4 ,2 ,50% ,2 ,1 ,50% ,1 ,4 ,,8.5 ,1.5 ,0.5 ,3.0 ,2.0 ,1.0 ,3.5 ,0.5 ,3.0 ,4.5 ,3.5 ,78% ,89% ,2.5 ,2.5 ,100% ,2.0 ,1.0 ,50% ,1.0 ,0.5 ,50% ,0.5 ,2.0 
Bucks Gaming,Bigmeek,Mid-Season Tournament 1,1 ,8 ,– ,2 ,– ,– ,– ,4 ,– ,4 ,6 ,3 ,50% ,67% ,1 ,1 ,100% ,5 ,2 ,40% ,– ,– ,-,– ,– ,,8.0 ,– ,2.0 ,– ,– ,– ,4.0 ,– ,4.0 ,6.0 ,3.0 ,50% ,67% ,1.0 ,1.0 ,100% ,5.0 ,2.0 ,40% ,– ,– ,-,– ,– 
Wizards District Gaming,BooPainter,Mid-Season Tournament 2,2 ,74 ,13 ,9 ,1.4 ,4 ,– ,11 ,3 ,8 ,52 ,35 ,67% ,67% ,51 ,35 ,69% ,1 ,– ,– ,8 ,4 ,50% ,14 ,7 ,,37.0 ,6.5 ,4.5 ,1.4 ,2.0 ,– ,5.5 ,1.5 ,4.0 ,26.0 ,17.5 ,67% ,67% ,25.5 ,17.5 ,69% ,0.5 ,– ,– ,4.0 ,2.0 ,50% ,7.0 ,3.5 
Wizards District Gaming,BooPainter,Mid-Season Tournament 1,2 ,73 ,5 ,3 ,1.7 ,2 ,4 ,19 ,7 ,12 ,43 ,31 ,72% ,73% ,41 ,30 ,73% ,2 ,1 ,50% ,10 ,10 ,100% ,10 ,7 ,,36.5 ,2.5 ,1.5 ,1.7 ,1.0 ,2.0 ,9.5 ,3.5 ,6.0 ,21.5 ,15.5 ,72% ,73% ,20.5 ,15.0 ,73% ,1.0 ,0.5 ,50% ,5.0 ,5.0 ,100% ,5.0 ,3.5 
Warriors Gaming Squad,Bsmoove,Mid-Season Tournament 2,1 ,6 ,4 ,4 ,1.0 ,– ,– ,6 ,1 ,5 ,6 ,3 ,50% ,50% ,3 ,3 ,100% ,3 ,– ,– ,– ,– ,-,2 ,1 ,,6.0 ,4.0 ,4.0 ,1.0 ,– ,– ,6.0 ,1.0 ,5.0 ,6.0 ,3.0 ,50% ,50% ,3.0 ,3.0 ,100% ,3.0 ,– ,– ,– ,– ,-,2.0 ,1.0 
Warriors Gaming Squad,Bsmoove,Mid-Season Tournament 1,2 ,15 ,3 ,4 ,0.8 ,2 ,– ,– ,– ,– ,11 ,6 ,55% ,64% ,6 ,4 ,67% ,5 ,2 ,40% ,2 ,1 ,50% ,3 ,3 ,,7.5 ,1.5 ,2.0 ,0.8 ,1.0 ,– ,– ,– ,– ,5.5 ,3.0 ,55% ,64% ,3.0 ,2.0 ,67% ,2.5 ,1.0 ,40% ,1.0 ,0.5 ,50% ,1.5 ,1.5 
Kings Guard Gaming,Coleworld2k,Mid-Season Tournament 2,3 ,20 ,2 ,– ,– ,– ,– ,8 ,1 ,7 ,14 ,7 ,50% ,71% ,2 ,1 ,50% ,12 ,6 ,50% ,– ,– ,-,– ,3 ,,6.7 ,0.7 ,– ,– ,– ,– ,2.7 ,0.3 ,2.3 ,4.7 ,2.3 ,50% ,71% ,0.7 ,0.3 ,50% ,4.0 ,2.0 ,50% ,– ,– ,-,– ,1.0 
Kings Guard Gaming,Coleworld2k,Mid-Season Tournament 1,1 ,12 ,2 ,– ,– ,2 ,– ,1 ,– ,1 ,8 ,4 ,50% ,75% ,1 ,– ,– ,7 ,4 ,57% ,– ,– ,-,1 ,1 ,,12.0 ,2.0 ,– ,– ,2.0 ,– ,1.0 ,– ,1.0 ,8.0 ,4.0 ,50% ,75% ,1.0 ,– ,– ,7.0 ,4.0 ,57% ,– ,– ,-,1.0 ,1.0 
Blazers Gaming,DatBoyShotz,Mid-Season Tournament 2,1 ,6 ,1 ,2 ,0.5 ,1 ,1 ,2 ,– ,2 ,7 ,3 ,43% ,43% ,6 ,3 ,50% ,1 ,– ,– ,– ,– ,-,– ,– ,,6.0 ,1.0 ,2.0 ,0.5 ,1.0 ,1.0 ,2.0 ,– ,2.0 ,7.0 ,3.0 ,43% ,43% ,6.0 ,3.0 ,50% ,1.0 ,– ,– ,– ,– ,-,– ,– 
Blazers Gaming,DatBoyShotz,Mid-Season Tournament 1,4 ,97 ,12 ,6 ,2.0 ,6 ,6 ,30 ,13 ,17 ,57 ,40 ,70% ,70% ,57 ,40 ,70% ,– ,– ,-,17 ,17 ,100% ,10 ,9 ,,24.3 ,3.0 ,1.5 ,2.0 ,1.5 ,1.5 ,7.5 ,3.3 ,4.3 ,14.3 ,10.0 ,70% ,70% ,14.3 ,10.0 ,70% ,– ,– ,-,4.3 ,4.3 ,100% ,2.5 ,2.3 
Mavs Gaming,Dayfri,Mid-Season Tournament 2,2 ,26 ,4 ,1 ,4.0 ,2 ,– ,1 ,1 ,– ,15 ,10 ,67% ,87% ,6 ,4 ,67% ,9 ,6 ,67% ,– ,– ,-,– ,3 ,,13.0 ,2.0 ,0.5 ,4.0 ,1.0 ,– ,0.5 ,0.5 ,– ,7.5 ,5.0 ,67% ,87% ,3.0 ,2.0 ,67% ,4.5 ,3.0 ,67% ,– ,– ,-,– ,1.5 
Mavs Gaming,Dayfri,Mid-Season Tournament 1,2 ,39 ,5 ,9 ,0.6 ,6 ,1 ,23 ,6 ,17 ,23 ,18 ,78% ,78% ,23 ,18 ,78% ,– ,– ,-,3 ,3 ,100% ,5 ,2 ,,19.5 ,2.5 ,4.5 ,0.6 ,3.0 ,0.5 ,11.5 ,3.0 ,8.5 ,11.5 ,9.0 ,78% ,78% ,11.5 ,9.0 ,78% ,– ,– ,-,1.5 ,1.5 ,100% ,2.5 ,1.0 
Grizz Gaming,DDouble2K,Mid-Season Tournament 2,1 ,23 ,1 ,1 ,1.0 ,– ,– ,9 ,4 ,5 ,15 ,11 ,73% ,73% ,15 ,11 ,73% ,– ,– ,-,2 ,1 ,50% ,1 ,1 ,,23.0 ,1.0 ,1.0 ,1.0 ,– ,– ,9.0 ,4.0 ,5.0 ,15.0 ,11.0 ,73% ,73% ,15.0 ,11.0 ,73% ,– ,– ,-,2.0 ,1.0 ,50% ,1.0 ,1.0 
Grizz Gaming,DDouble2K,Mid-Season Tournament 1,1 ,24 ,– ,4 ,– ,1 ,– ,10 ,2 ,8 ,14 ,10 ,71% ,71% ,14 ,10 ,71% ,– ,– ,-,4 ,4 ,100% ,4 ,1 ,,24.0 ,– ,4.0 ,– ,1.0 ,– ,10.0 ,2.0 ,8.0 ,14.0 ,10.0 ,71% ,71% ,14.0 ,10.0 ,71% ,– ,– ,-,4.0 ,4.0 ,100% ,4.0 ,1.0 
Jazz Gaming,Deedz,Mid-Season Tournament 2,1 ,4 ,5 ,– ,– ,– ,– ,1 ,1 ,– ,5 ,2 ,40% ,40% ,4 ,2 ,50% ,1 ,– ,– ,– ,– ,-,3 ,5 ,,4.0 ,5.0 ,– ,– ,– ,– ,1.0 ,1.0 ,– ,5.0 ,2.0 ,40% ,40% ,4.0 ,2.0 ,50% ,1.0 ,– ,– ,– ,– ,-,3.0 ,5.0 
Jazz Gaming,Deedz,Mid-Season Tournament 1,1 ,3 ,2 ,5 ,0.4 ,– ,4 ,10 ,– ,10 ,5 ,1 ,20% ,30% ,2 ,– ,– ,3 ,1 ,33% ,– ,– ,-,1 ,2 ,,3.0 ,2.0 ,5.0 ,0.4 ,– ,4.0 ,10.0 ,– ,10.0 ,5.0 ,1.0 ,20% ,30% ,2.0 ,– ,– ,3.0 ,1.0 ,33% ,– ,– ,-,1.0 ,2.0 
Wizards District Gaming,DemonJT,Mid-Season Tournament 2,2 ,15 ,6 ,3 ,2.0 ,2 ,– ,1 ,– ,1 ,12 ,6 ,50% ,63% ,5 ,3 ,60% ,7 ,3 ,43% ,– ,– ,-,1 ,4 ,,7.5 ,3.0 ,1.5 ,2.0 ,1.0 ,– ,0.5 ,– ,0.5 ,6.0 ,3.0 ,50% ,63% ,2.5 ,1.5 ,60% ,3.5 ,1.5 ,43% ,– ,– ,-,0.5 ,2.0 
Wizards District Gaming,DemonJT,Mid-Season Tournament 1,2 ,25 ,10 ,7 ,1.4 ,1 ,– ,1 ,– ,1 ,20 ,9 ,45% ,50% ,11 ,7 ,64% ,9 ,2 ,22% ,5 ,5 ,100% ,6 ,1 ,,12.5 ,5.0 ,3.5 ,1.4 ,0.5 ,– ,0.5 ,– ,0.5 ,10.0 ,4.5 ,45% ,50% ,5.5 ,3.5 ,64% ,4.5 ,1.0 ,22% ,2.5 ,2.5 ,100% ,3.0 ,0.5 
Raptors Uprising GC,Detoxys,Mid-Season Tournament 2,1 ,6 ,2 ,1 ,2.0 ,2 ,– ,5 ,2 ,3 ,7 ,3 ,43% ,43% ,5 ,3 ,60% ,2 ,– ,– ,– ,– ,-,– ,1 ,,6.0 ,2.0 ,1.0 ,2.0 ,2.0 ,– ,5.0 ,2.0 ,3.0 ,7.0 ,3.0 ,43% ,43% ,5.0 ,3.0 ,60% ,2.0 ,– ,– ,– ,– ,-,– ,1.0 
Raptors Uprising GC,Detoxys,Mid-Season Tournament 1,2 ,22 ,5 ,2 ,2.5 ,2 ,1 ,8 ,– ,8 ,11 ,8 ,73% ,91% ,6 ,4 ,67% ,5 ,4 ,80% ,2 ,2 ,100% ,1 ,4 ,,11.0 ,2.5 ,1.0 ,2.5 ,1.0 ,0.5 ,4.0 ,– ,4.0 ,5.5 ,4.0 ,73% ,91% ,3.0 ,2.0 ,67% ,2.5 ,2.0 ,80% ,1.0 ,1.0 ,100% ,0.5 ,2.0 
Mavs Gaming,Devillon,Mid-Season Tournament 2,2 ,10 ,– ,– ,– ,– ,– ,2 ,2 ,– ,8 ,4 ,50% ,63% ,4 ,2 ,50% ,4 ,2 ,50% ,– ,– ,-,– ,– ,,5.0 ,– ,– ,– ,– ,– ,1.0 ,1.0 ,– ,4.0 ,2.0 ,50% ,63% ,2.0 ,1.0 ,50% ,2.0 ,1.0 ,50% ,– ,– ,-,– ,– 
Mavs Gaming,Devillon,Mid-Season Tournament 1,2 ,12 ,– ,– ,– ,– ,– ,1 ,1 ,– ,11 ,5 ,45% ,55% ,6 ,3 ,50% ,5 ,2 ,40% ,– ,– ,-,– ,– ,,6.0 ,– ,– ,– ,– ,– ,0.5 ,0.5 ,– ,5.5 ,2.5 ,45% ,55% ,3.0 ,1.5 ,50% ,2.5 ,1.0 ,40% ,– ,– ,-,– ,– 
Mavs Gaming,Dimez,Mid-Season Tournament 2,2 ,77 ,11 ,11 ,1.0 ,4 ,2 ,13 ,5 ,8 ,53 ,35 ,66% ,66% ,53 ,35 ,66% ,– ,– ,-,10 ,7 ,70% ,13 ,5 ,,38.5 ,5.5 ,5.5 ,1.0 ,2.0 ,1.0 ,6.5 ,2.5 ,4.0 ,26.5 ,17.5 ,66% ,66% ,26.5 ,17.5 ,66% ,– ,– ,-,5.0 ,3.5 ,70% ,6.5 ,2.5 
Mavs Gaming,Dimez,Mid-Season Tournament 1,2 ,41 ,23 ,7 ,3.3 ,5 ,– ,– ,– ,– ,31 ,20 ,65% ,65% ,29 ,20 ,69% ,2 ,– ,– ,2 ,1 ,50% ,11 ,5 ,,20.5 ,11.5 ,3.5 ,3.3 ,2.5 ,– ,– ,– ,– ,15.5 ,10.0 ,65% ,65% ,14.5 ,10.0 ,69% ,1.0 ,– ,– ,1.0 ,0.5 ,50% ,5.5 ,2.5 
Pacers Gaming,FrostyTheTruth,Mid-Season Tournament 2,1 ,17 ,2 ,– ,– ,– ,– ,10 ,1 ,9 ,13 ,7 ,54% ,54% ,13 ,7 ,54% ,– ,– ,-,4 ,3 ,75% ,3 ,1 ,,17.0 ,2.0 ,– ,– ,– ,– ,10.0 ,1.0 ,9.0 ,13.0 ,7.0 ,54% ,54% ,13.0 ,7.0 ,54% ,– ,– ,-,4.0 ,3.0 ,75% ,3.0 ,1.0 
Pacers Gaming,FrostyTheTruth,Mid-Season Tournament 1,1 ,22 ,5 ,3 ,1.7 ,– ,– ,8 ,5 ,3 ,16 ,10 ,63% ,63% ,16 ,10 ,63% ,– ,– ,-,2 ,2 ,100% ,1 ,2 ,,22.0 ,5.0 ,3.0 ,1.7 ,– ,– ,8.0 ,5.0 ,3.0 ,16.0 ,10.0 ,63% ,63% ,16.0 ,10.0 ,63% ,– ,– ,-,2.0 ,2.0 ,100% ,1.0 ,2.0 
Bucks Gaming,Game6Drake,Mid-Season Tournament 2,2 ,50 ,10 ,7 ,1.4 ,2 ,– ,9 ,2 ,7 ,46 ,25 ,54% ,54% ,46 ,25 ,54% ,– ,– ,-,2 ,– ,– ,6 ,9 ,,25.0 ,5.0 ,3.5 ,1.4 ,1.0 ,– ,4.5 ,1.0 ,3.5 ,23.0 ,12.5 ,54% ,54% ,23.0 ,12.5 ,54% ,– ,– ,-,1.0 ,– ,– ,3.0 ,4.5 
Bucks Gaming,Game6Drake,Mid-Season Tournament 1,1 ,18 ,3 ,2 ,1.5 ,1 ,– ,– ,– ,– ,7 ,6 ,86% ,129% ,– ,– ,-,7 ,6 ,86% ,– ,– ,-,– ,1 ,,18.0 ,3.0 ,2.0 ,1.5 ,1.0 ,– ,– ,– ,– ,7.0 ,6.0 ,86% ,129% ,– ,– ,-,7.0 ,6.0 ,86% ,– ,– ,-,– ,1.0 
Cavs Legion GC,Godddof2k,Mid-Season Tournament 2,3 ,18 ,3 ,2 ,1.5 ,7 ,3 ,25 ,6 ,19 ,16 ,8 ,50% ,53% ,11 ,7 ,64% ,5 ,1 ,20% ,2 ,1 ,50% ,– ,8 ,,6.0 ,1.0 ,0.7 ,1.5 ,2.3 ,1.0 ,8.3 ,2.0 ,6.3 ,5.3 ,2.7 ,50% ,53% ,3.7 ,2.3 ,64% ,1.7 ,0.3 ,20% ,0.7 ,0.3 ,50% ,– ,2.7 
Cavs Legion GC,Godddof2k,Mid-Season Tournament 1,1 ,18 ,5 ,1 ,5.0 ,– ,1 ,6 ,3 ,3 ,13 ,7 ,54% ,54% ,13 ,7 ,54% ,– ,– ,-,6 ,4 ,67% ,4 ,1 ,,18.0 ,5.0 ,1.0 ,5.0 ,– ,1.0 ,6.0 ,3.0 ,3.0 ,13.0 ,7.0 ,54% ,54% ,13.0 ,7.0 ,54% ,– ,– ,-,6.0 ,4.0 ,67% ,4.0 ,1.0 
Knicks Gaming,Goofy757,Mid-Season Tournament 2,4 ,68 ,21 ,7 ,3.0 ,9 ,5 ,50 ,24 ,26 ,53 ,31 ,59% ,59% ,53 ,31 ,59% ,– ,– ,-,12 ,6 ,50% ,12 ,2 ,,17.0 ,5.3 ,1.8 ,3.0 ,2.3 ,1.3 ,12.5 ,6.0 ,6.5 ,13.3 ,7.8 ,59% ,59% ,13.3 ,7.8 ,59% ,– ,– ,-,3.0 ,1.5 ,50% ,3.0 ,0.5 
Knicks Gaming,Goofy757,Mid-Season Tournament 1,3 ,60 ,2 ,8 ,0.3 ,7 ,2 ,29 ,12 ,17 ,39 ,24 ,62% ,64% ,36 ,22 ,61% ,3 ,2 ,67% ,12 ,10 ,83% ,9 ,4 ,,20.0 ,0.7 ,2.7 ,0.3 ,2.3 ,0.7 ,9.7 ,4.0 ,5.7 ,13.0 ,8.0 ,62% ,64% ,12.0 ,7.3 ,61% ,1.0 ,0.7 ,67% ,4.0 ,3.3 ,83% ,3.0 ,1.3 
Blazers Gaming,GrantMonster,Mid-Season Tournament 2,1 ,12 ,1 ,– ,– ,1 ,– ,– ,– ,– ,5 ,4 ,80% ,120% ,1 ,– ,– ,4 ,4 ,100% ,– ,– ,-,– ,– ,,12.0 ,1.0 ,– ,– ,1.0 ,– ,– ,– ,– ,5.0 ,4.0 ,80% ,120% ,1.0 ,– ,– ,4.0 ,4.0 ,100% ,– ,– ,-,– ,– 
Blazers Gaming,GrantMonster,Mid-Season Tournament 1,4 ,19 ,7 ,3 ,2.3 ,3 ,– ,– ,– ,– ,13 ,7 ,54% ,69% ,6 ,3 ,50% ,7 ,4 ,57% ,1 ,1 ,100% ,2 ,3 ,,4.8 ,1.8 ,0.8 ,2.3 ,0.8 ,– ,– ,– ,– ,3.3 ,1.8 ,54% ,69% ,1.5 ,0.8 ,50% ,1.8 ,1.0 ,57% ,0.3 ,0.3 ,100% ,0.5 ,0.8 
Mavs Gaming,Hazzauk2k,Mid-Season Tournament 2,2 ,11 ,– ,– ,– ,2 ,2 ,5 ,1 ,4 ,7 ,4 ,57% ,79% ,2 ,1 ,50% ,5 ,3 ,60% ,– ,– ,-,– ,3 ,,5.5 ,– ,– ,– ,1.0 ,1.0 ,2.5 ,0.5 ,2.0 ,3.5 ,2.0 ,57% ,79% ,1.0 ,0.5 ,50% ,2.5 ,1.5 ,60% ,– ,– ,-,– ,1.5 
Mavs Gaming,Hazzauk2k,Mid-Season Tournament 1,2 ,8 ,1 ,2 ,0.5 ,1 ,– ,7 ,– ,7 ,8 ,3 ,38% ,50% ,2 ,1 ,50% ,6 ,2 ,33% ,– ,– ,-,– ,1 ,,4.0 ,0.5 ,1.0 ,0.5 ,0.5 ,– ,3.5 ,– ,3.5 ,4.0 ,1.5 ,38% ,50% ,1.0 ,0.5 ,50% ,3.0 ,1.0 ,33% ,– ,– ,-,– ,0.5 
Cavs Legion GC,Hood,Mid-Season Tournament 2,3 ,132 ,10 ,13 ,0.8 ,4 ,1 ,20 ,8 ,12 ,83 ,62 ,75% ,75% ,83 ,62 ,75% ,– ,– ,-,10 ,8 ,80% ,13 ,5 ,,44.0 ,3.3 ,4.3 ,0.8 ,1.3 ,0.3 ,6.7 ,2.7 ,4.0 ,27.7 ,20.7 ,75% ,75% ,27.7 ,20.7 ,75% ,– ,– ,-,3.3 ,2.7 ,80% ,4.3 ,1.7 
Cavs Legion GC,Hood,Mid-Season Tournament 1,1 ,7 ,9 ,8 ,1.1 ,– ,– ,– ,– ,– ,8 ,3 ,38% ,44% ,4 ,2 ,50% ,4 ,1 ,25% ,– ,– ,-,2 ,– ,,7.0 ,9.0 ,8.0 ,1.1 ,– ,– ,– ,– ,– ,8.0 ,3.0 ,38% ,44% ,4.0 ,2.0 ,50% ,4.0 ,1.0 ,25% ,– ,– ,-,2.0 ,– 
Heatcheck Gaming,Hotshot,Mid-Season Tournament 2,1 ,27 ,2 ,3 ,0.7 ,2 ,1 ,4 ,2 ,2 ,18 ,12 ,67% ,67% ,18 ,12 ,67% ,– ,– ,-,5 ,3 ,60% ,4 ,2 ,,27.0 ,2.0 ,3.0 ,0.7 ,2.0 ,1.0 ,4.0 ,2.0 ,2.0 ,18.0 ,12.0 ,67% ,67% ,18.0 ,12.0 ,67% ,– ,– ,-,5.0 ,3.0 ,60% ,4.0 ,2.0 
Heatcheck Gaming,Hotshot,Mid-Season Tournament 1,1 ,26 ,3 ,4 ,0.8 ,2 ,3 ,7 ,3 ,4 ,18 ,12 ,67% ,67% ,18 ,12 ,67% ,– ,– ,-,2 ,2 ,100% ,3 ,7 ,,26.0 ,3.0 ,4.0 ,0.8 ,2.0 ,3.0 ,7.0 ,3.0 ,4.0 ,18.0 ,12.0 ,67% ,67% ,18.0 ,12.0 ,67% ,– ,– ,-,2.0 ,2.0 ,100% ,3.0 ,7.0 
Heatcheck Gaming,HyperIsPro,Mid-Season Tournament 2,1 ,2 ,1 ,– ,– ,4 ,– ,4 ,– ,4 ,3 ,– ,– ,– ,– ,– ,-,3 ,– ,– ,2 ,2 ,100% ,1 ,– ,,2.0 ,1.0 ,– ,– ,4.0 ,– ,4.0 ,– ,4.0 ,3.0 ,– ,– ,– ,– ,– ,-,3.0 ,– ,– ,2.0 ,2.0 ,100% ,1.0 ,– 
Heatcheck Gaming,HyperIsPro,Mid-Season Tournament 1,1 ,5 ,2 ,– ,– ,1 ,– ,1 ,– ,1 ,4 ,2 ,50% ,63% ,2 ,1 ,50% ,2 ,1 ,50% ,– ,– ,-,– ,1 ,,5.0 ,2.0 ,– ,– ,1.0 ,– ,1.0 ,– ,1.0 ,4.0 ,2.0 ,50% ,63% ,2.0 ,1.0 ,50% ,2.0 ,1.0 ,50% ,– ,– ,-,– ,1.0 
Knicks Gaming,IamAdamthe1st,Mid-Season Tournament 2,4 ,107 ,31 ,9 ,3.4 ,1 ,– ,5 ,2 ,3 ,68 ,40 ,59% ,74% ,32 ,20 ,63% ,36 ,20 ,56% ,7 ,7 ,100% ,9 ,12 ,,26.8 ,7.8 ,2.3 ,3.4 ,0.3 ,– ,1.3 ,0.5 ,0.8 ,17.0 ,10.0 ,59% ,74% ,8.0 ,5.0 ,63% ,9.0 ,5.0 ,56% ,1.8 ,1.8 ,100% ,2.3 ,3.0 
Knicks Gaming,IamAdamthe1st,Mid-Season Tournament 1,3 ,47 ,31 ,13 ,2.4 ,3 ,– ,1 ,– ,1 ,32 ,18 ,56% ,63% ,23 ,14 ,61% ,9 ,4 ,44% ,7 ,7 ,100% ,10 ,10 ,,15.7 ,10.3 ,4.3 ,2.4 ,1.0 ,– ,0.3 ,– ,0.3 ,10.7 ,6.0 ,56% ,63% ,7.7 ,4.7 ,61% ,3.0 ,1.3 ,44% ,2.3 ,2.3 ,100% ,3.3 ,3.3 
Knicks Gaming,Idrisdagoat6,Mid-Season Tournament 2,4 ,86 ,8 ,9 ,0.9 ,2 ,1 ,11 ,6 ,5 ,48 ,33 ,69% ,79% ,31 ,23 ,74% ,17 ,10 ,59% ,12 ,10 ,83% ,13 ,2 ,,21.5 ,2.0 ,2.3 ,0.9 ,0.5 ,0.3 ,2.8 ,1.5 ,1.3 ,12.0 ,8.3 ,69% ,79% ,7.8 ,5.8 ,74% ,4.3 ,2.5 ,59% ,3.0 ,2.5 ,83% ,3.3 ,0.5 
Knicks Gaming,Idrisdagoat6,Mid-Season Tournament 1,3 ,59 ,15 ,3 ,5.0 ,6 ,6 ,20 ,7 ,13 ,41 ,26 ,63% ,63% ,41 ,26 ,63% ,– ,– ,-,8 ,7 ,88% ,6 ,10 ,,19.7 ,5.0 ,1.0 ,5.0 ,2.0 ,2.0 ,6.7 ,2.3 ,4.3 ,13.7 ,8.7 ,63% ,63% ,13.7 ,8.7 ,63% ,– ,– ,-,2.7 ,2.3 ,88% ,2.0 ,3.3 
76ers GC,Ifeast,Mid-Season Tournament 2,1 ,7 ,– ,– ,– ,– ,– ,7 ,1 ,6 ,7 ,3 ,43% ,43% ,5 ,3 ,60% ,2 ,– ,– ,1 ,1 ,100% ,2 ,1 ,,7.0 ,– ,– ,– ,– ,– ,7.0 ,1.0 ,6.0 ,7.0 ,3.0 ,43% ,43% ,5.0 ,3.0 ,60% ,2.0 ,– ,– ,1.0 ,1.0 ,100% ,2.0 ,1.0 
76ers GC,Ifeast,Mid-Season Tournament 1,3 ,34 ,11 ,6 ,1.8 ,3 ,3 ,16 ,5 ,11 ,22 ,16 ,73% ,75% ,19 ,15 ,79% ,3 ,1 ,33% ,1 ,1 ,100% ,1 ,1 ,,11.3 ,3.7 ,2.0 ,1.8 ,1.0 ,1.0 ,5.3 ,1.7 ,3.7 ,7.3 ,5.3 ,73% ,75% ,6.3 ,5.0 ,79% ,1.0 ,0.3 ,33% ,0.3 ,0.3 ,100% ,0.3 ,0.3 
Pistons GT,Iinsanitty,Mid-Season Tournament 2,3 ,50 ,3 ,2 ,1.5 ,6 ,4 ,12 ,3 ,9 ,32 ,22 ,69% ,69% ,32 ,22 ,69% ,– ,– ,-,10 ,6 ,60% ,13 ,3 ,,16.7 ,1.0 ,0.7 ,1.5 ,2.0 ,1.3 ,4.0 ,1.0 ,3.0 ,10.7 ,7.3 ,69% ,69% ,10.7 ,7.3 ,69% ,– ,– ,-,3.3 ,2.0 ,60% ,4.3 ,1.0 
Pistons GT,Iinsanitty,Mid-Season Tournament 1,1 ,3 ,1 ,– ,– ,– ,– ,3 ,1 ,2 ,2 ,1 ,50% ,75% ,– ,– ,-,2 ,1 ,50% ,– ,– ,-,1 ,– ,,3.0 ,1.0 ,– ,– ,– ,– ,3.0 ,1.0 ,2.0 ,2.0 ,1.0 ,50% ,75% ,– ,– ,-,2.0 ,1.0 ,50% ,– ,– ,-,1.0 ,– 
Pistons GT,ImSoFarAhead,Mid-Season Tournament 2,3 ,58 ,32 ,10 ,3.2 ,3 ,– ,1 ,– ,1 ,35 ,22 ,63% ,77% ,17 ,12 ,71% ,18 ,10 ,56% ,4 ,4 ,100% ,12 ,7 ,,19.3 ,10.7 ,3.3 ,3.2 ,1.0 ,– ,0.3 ,– ,0.3 ,11.7 ,7.3 ,63% ,77% ,5.7 ,4.0 ,71% ,6.0 ,3.3 ,56% ,1.3 ,1.3 ,100% ,4.0 ,2.3 
Pistons GT,ImSoFarAhead,Mid-Season Tournament 1,1 ,7 ,6 ,– ,– ,1 ,– ,– ,– ,– ,11 ,3 ,27% ,32% ,6 ,2 ,33% ,5 ,1 ,20% ,– ,– ,-,3 ,4 ,,7.0 ,6.0 ,– ,– ,1.0 ,– ,– ,– ,– ,11.0 ,3.0 ,27% ,32% ,6.0 ,2.0 ,33% ,5.0 ,1.0 ,20% ,– ,– ,-,3.0 ,4.0 
Heatcheck Gaming,Jalen03303,Mid-Season Tournament 1,1 ,15 ,4 ,1 ,4.0 ,– ,– ,– ,– ,– ,9 ,5 ,56% ,78% ,3 ,1 ,33% ,6 ,4 ,67% ,1 ,1 ,100% ,1 ,– ,,15.0 ,4.0 ,1.0 ,4.0 ,– ,– ,– ,– ,– ,9.0 ,5.0 ,56% ,78% ,3.0 ,1.0 ,33% ,6.0 ,4.0 ,67% ,1.0 ,1.0 ,100% ,1.0 ,– 
Wizards District Gaming,Jin,Mid-Season Tournament 2,2 ,21 ,6 ,4 ,1.5 ,1 ,– ,8 ,4 ,4 ,16 ,8 ,50% ,66% ,4 ,3 ,75% ,12 ,5 ,42% ,– ,– ,-,1 ,2 ,,10.5 ,3.0 ,2.0 ,1.5 ,0.5 ,– ,4.0 ,2.0 ,2.0 ,8.0 ,4.0 ,50% ,66% ,2.0 ,1.5 ,75% ,6.0 ,2.5 ,42% ,– ,– ,-,0.5 ,1.0 
Wizards District Gaming,Jin,Mid-Season Tournament 1,2 ,35 ,6 ,4 ,1.5 ,– ,– ,8 ,7 ,1 ,27 ,17 ,63% ,63% ,24 ,17 ,71% ,3 ,– ,– ,1 ,1 ,100% ,4 ,5 ,,17.5 ,3.0 ,2.0 ,1.5 ,– ,– ,4.0 ,3.5 ,0.5 ,13.5 ,8.5 ,63% ,63% ,12.0 ,8.5 ,71% ,1.5 ,– ,– ,0.5 ,0.5 ,100% ,2.0 ,2.5 
Mavs Gaming,JLB,Mid-Season Tournament 1,1 ,3 ,– ,– ,– ,– ,– ,– ,– ,– ,1 ,1 ,100% ,150% ,– ,– ,-,1 ,1 ,100% ,– ,– ,-,– ,– ,,3.0 ,– ,– ,– ,– ,– ,– ,– ,– ,1.0 ,1.0 ,100% ,150% ,– ,– ,-,1.0 ,1.0 ,100% ,– ,– ,-,– ,– 
Pistons GT,JosephTheTruth,Mid-Season Tournament 2,3 ,13 ,3 ,3 ,1.0 ,5 ,3 ,7 ,– ,7 ,8 ,4 ,50% ,75% ,– ,– ,-,8 ,4 ,50% ,2 ,1 ,50% ,– ,7 ,,4.3 ,1.0 ,1.0 ,1.0 ,1.7 ,1.0 ,2.3 ,– ,2.3 ,2.7 ,1.3 ,50% ,75% ,– ,– ,-,2.7 ,1.3 ,50% ,0.7 ,0.3 ,50% ,– ,2.3 
Pistons GT,JosephTheTruth,Mid-Season Tournament 1,1 ,16 ,3 ,2 ,1.5 ,2 ,2 ,11 ,3 ,8 ,12 ,7 ,58% ,58% ,12 ,7 ,58% ,– ,– ,-,2 ,2 ,100% ,1 ,– ,,16.0 ,3.0 ,2.0 ,1.5 ,2.0 ,2.0 ,11.0 ,3.0 ,8.0 ,12.0 ,7.0 ,58% ,58% ,12.0 ,7.0 ,58% ,– ,– ,-,2.0 ,2.0 ,100% ,1.0 ,– 
Raptors Uprising GC,Kenny,Mid-Season Tournament 2,1 ,16 ,11 ,1 ,11.0 ,– ,– ,3 ,1 ,2 ,13 ,7 ,54% ,58% ,10 ,6 ,60% ,3 ,1 ,33% ,1 ,1 ,100% ,4 ,3 ,,16.0 ,11.0 ,1.0 ,11.0 ,– ,– ,3.0 ,1.0 ,2.0 ,13.0 ,7.0 ,54% ,58% ,10.0 ,6.0 ,60% ,3.0 ,1.0 ,33% ,1.0 ,1.0 ,100% ,4.0 ,3.0 
Raptors Uprising GC,Kenny,Mid-Season Tournament 1,2 ,21 ,18 ,5 ,3.6 ,3 ,– ,1 ,– ,1 ,15 ,8 ,53% ,63% ,9 ,5 ,56% ,6 ,3 ,50% ,2 ,2 ,100% ,6 ,– ,,10.5 ,9.0 ,2.5 ,3.6 ,1.5 ,– ,0.5 ,– ,0.5 ,7.5 ,4.0 ,53% ,63% ,4.5 ,2.5 ,56% ,3.0 ,1.5 ,50% ,1.0 ,1.0 ,100% ,3.0 ,– 
Magic Gaming,KingCamroyalty,Mid-Season Tournament 2,1 ,18 ,2 ,1 ,2.0 ,2 ,2 ,6 ,1 ,5 ,15 ,8 ,53% ,57% ,10 ,7 ,70% ,5 ,1 ,20% ,2 ,1 ,50% ,1 ,1 ,,18.0 ,2.0 ,1.0 ,2.0 ,2.0 ,2.0 ,6.0 ,1.0 ,5.0 ,15.0 ,8.0 ,53% ,57% ,10.0 ,7.0 ,70% ,5.0 ,1.0 ,20% ,2.0 ,1.0 ,50% ,1.0 ,1.0 
Magic Gaming,KingCamroyalty,Mid-Season Tournament 1,2 ,35 ,6 ,3 ,2.0 ,4 ,3 ,21 ,7 ,14 ,24 ,16 ,67% ,67% ,24 ,16 ,67% ,– ,– ,-,4 ,3 ,75% ,5 ,5 ,,17.5 ,3.0 ,1.5 ,2.0 ,2.0 ,1.5 ,10.5 ,3.5 ,7.0 ,12.0 ,8.0 ,67% ,67% ,12.0 ,8.0 ,67% ,– ,– ,-,2.0 ,1.5 ,75% ,2.5 ,2.5 
Bucks Gaming,KingPeroxide,Mid-Season Tournament 1,1 ,7 ,9 ,4 ,2.3 ,2 ,– ,1 ,– ,1 ,9 ,3 ,33% ,39% ,3 ,2 ,67% ,6 ,1 ,17% ,– ,– ,-,1 ,1 ,,7.0 ,9.0 ,4.0 ,2.3 ,2.0 ,– ,1.0 ,– ,1.0 ,9.0 ,3.0 ,33% ,39% ,3.0 ,2.0 ,67% ,6.0 ,1.0 ,17% ,– ,– ,-,1.0 ,1.0 
Raptors Uprising GC,KingQuai614,Regular Season,11 ,158 ,30 ,16 ,1.9 ,8 ,5 ,88 ,36 ,52 ,93 ,66 ,71% ,75% ,81 ,59 ,73% ,12 ,7 ,58% ,30 ,19 ,63% ,20 ,24 ,,14.4 ,2.7 ,1.5 ,1.9 ,0.7 ,0.5 ,8.0 ,3.3 ,4.7 ,8.5 ,6.0 ,71% ,75% ,7.4 ,5.4 ,73% ,1.1 ,0.6 ,58% ,2.7 ,1.7 ,63% ,1.8 ,2.2 
Raptors Uprising GC,KingQuai614,Mid-Season Tournament 1,1 ,2 ,– ,– ,– ,– ,– ,– ,– ,– ,1 ,1 ,100% ,100% ,1 ,1 ,100% ,– ,– ,-,– ,– ,-,– ,– ,,2.0 ,– ,– ,– ,– ,– ,– ,– ,– ,1.0 ,1.0 ,100% ,100% ,1.0 ,1.0 ,100% ,– ,– ,-,– ,– ,-,– ,– 
Magic Gaming,Kontrul,Mid-Season Tournament 2,1 ,12 ,11 ,3 ,3.7 ,1 ,– ,1 ,1 ,– ,9 ,6 ,67% ,67% ,7 ,6 ,86% ,2 ,– ,– ,– ,– ,-,5 ,– ,,12.0 ,11.0 ,3.0 ,3.7 ,1.0 ,– ,1.0 ,1.0 ,– ,9.0 ,6.0 ,67% ,67% ,7.0 ,6.0 ,86% ,2.0 ,– ,– ,– ,– ,-,5.0 ,– 
Magic Gaming,Kontrul,Mid-Season Tournament 1,2 ,32 ,12 ,9 ,1.3 ,4 ,– ,2 ,1 ,1 ,27 ,13 ,48% ,56% ,19 ,9 ,47% ,8 ,4 ,50% ,2 ,2 ,100% ,5 ,6 ,,16.0 ,6.0 ,4.5 ,1.3 ,2.0 ,– ,1.0 ,0.5 ,0.5 ,13.5 ,6.5 ,48% ,56% ,9.5 ,4.5 ,47% ,4.0 ,2.0 ,50% ,1.0 ,1.0 ,100% ,2.5 ,3.0 
Blazers Gaming,Lavish_Phenom,Mid-Season Tournament 2,1 ,6 ,1 ,1 ,1.0 ,– ,– ,– ,– ,– ,5 ,2 ,40% ,60% ,1 ,– ,– ,4 ,2 ,50% ,– ,– ,-,– ,– ,,6.0 ,1.0 ,1.0 ,1.0 ,– ,– ,– ,– ,– ,5.0 ,2.0 ,40% ,60% ,1.0 ,– ,– ,4.0 ,2.0 ,50% ,– ,– ,-,– ,– 
Blazers Gaming,Lavish_Phenom,Mid-Season Tournament 1,4 ,36 ,6 ,2 ,3.0 ,2 ,3 ,6 ,1 ,5 ,25 ,13 ,52% ,72% ,7 ,3 ,43% ,18 ,10 ,56% ,– ,– ,-,– ,3 ,,9.0 ,1.5 ,0.5 ,3.0 ,0.5 ,0.8 ,1.5 ,0.3 ,1.3 ,6.3 ,3.3 ,52% ,72% ,1.8 ,0.8 ,43% ,4.5 ,2.5 ,56% ,– ,– ,-,– ,0.8 
Pistons GT,LetsGetItRamo,Mid-Season Tournament 2,3 ,61 ,9 ,10 ,0.9 ,5 ,5 ,22 ,5 ,17 ,40 ,28 ,70% ,70% ,39 ,28 ,72% ,1 ,– ,– ,10 ,5 ,50% ,12 ,11 ,,20.3 ,3.0 ,3.3 ,0.9 ,1.7 ,1.7 ,7.3 ,1.7 ,5.7 ,13.3 ,9.3 ,70% ,70% ,13.0 ,9.3 ,72% ,0.3 ,– ,– ,3.3 ,1.7 ,50% ,4.0 ,3.7 
Pistons GT,LetsGetItRamo,Mid-Season Tournament 1,1 ,20 ,3 ,7 ,0.4 ,1 ,1 ,6 ,3 ,3 ,13 ,8 ,62% ,62% ,13 ,8 ,62% ,– ,– ,-,4 ,4 ,100% ,3 ,2 ,,20.0 ,3.0 ,7.0 ,0.4 ,1.0 ,1.0 ,6.0 ,3.0 ,3.0 ,13.0 ,8.0 ,62% ,62% ,13.0 ,8.0 ,62% ,– ,– ,-,4.0 ,4.0 ,100% ,3.0 ,2.0 
Warriors Gaming Squad,Lykapro,Mid-Season Tournament 2,1 ,10 ,5 ,5 ,1.0 ,– ,– ,– ,– ,– ,5 ,3 ,60% ,80% ,2 ,1 ,50% ,3 ,2 ,67% ,2 ,2 ,100% ,4 ,1 ,,10.0 ,5.0 ,5.0 ,1.0 ,– ,– ,– ,– ,– ,5.0 ,3.0 ,60% ,80% ,2.0 ,1.0 ,50% ,3.0 ,2.0 ,67% ,2.0 ,2.0 ,100% ,4.0 ,1.0 
Warriors Gaming Squad,Lykapro,Mid-Season Tournament 1,2 ,25 ,15 ,4 ,3.8 ,2 ,– ,1 ,– ,1 ,20 ,11 ,55% ,58% ,13 ,10 ,77% ,7 ,1 ,14% ,2 ,2 ,100% ,9 ,7 ,,12.5 ,7.5 ,2.0 ,3.8 ,1.0 ,– ,0.5 ,– ,0.5 ,10.0 ,5.5 ,55% ,58% ,6.5 ,5.0 ,77% ,3.5 ,0.5 ,14% ,1.0 ,1.0 ,100% ,4.5 ,3.5 
Heatcheck Gaming,Majes7ic,Mid-Season Tournament 2,1 ,28 ,12 ,3 ,4.0 ,2 ,– ,1 ,– ,1 ,16 ,10 ,63% ,75% ,9 ,6 ,67% ,7 ,4 ,57% ,4 ,4 ,100% ,4 ,1 ,,28.0 ,12.0 ,3.0 ,4.0 ,2.0 ,– ,1.0 ,– ,1.0 ,16.0 ,10.0 ,63% ,75% ,9.0 ,6.0 ,67% ,7.0 ,4.0 ,57% ,4.0 ,4.0 ,100% ,4.0 ,1.0 
Heatcheck Gaming,Majes7ic,Mid-Season Tournament 1,1 ,11 ,12 ,3 ,4.0 ,2 ,– ,1 ,– ,1 ,10 ,5 ,50% ,50% ,9 ,5 ,56% ,1 ,– ,– ,1 ,1 ,100% ,3 ,3 ,,11.0 ,12.0 ,3.0 ,4.0 ,2.0 ,– ,1.0 ,– ,1.0 ,10.0 ,5.0 ,50% ,50% ,9.0 ,5.0 ,56% ,1.0 ,– ,– ,1.0 ,1.0 ,100% ,3.0 ,3.0 
Blazers Gaming,MamaImDatMan,Mid-Season Tournament 2,1 ,13 ,13 ,5 ,2.6 ,– ,– ,1 ,– ,1 ,15 ,5 ,33% ,40% ,11 ,3 ,27% ,4 ,2 ,50% ,2 ,1 ,50% ,7 ,4 ,,13.0 ,13.0 ,5.0 ,2.6 ,– ,– ,1.0 ,– ,1.0 ,15.0 ,5.0 ,33% ,40% ,11.0 ,3.0 ,27% ,4.0 ,2.0 ,50% ,2.0 ,1.0 ,50% ,7.0 ,4.0 
Blazers Gaming,MamaImDatMan,Mid-Season Tournament 1,4 ,113 ,53 ,9 ,5.9 ,10 ,– ,3 ,– ,3 ,73 ,41 ,56% ,64% ,52 ,30 ,58% ,21 ,11 ,52% ,20 ,20 ,100% ,22 ,10 ,,28.3 ,13.3 ,2.3 ,5.9 ,2.5 ,– ,0.8 ,– ,0.8 ,18.3 ,10.3 ,56% ,64% ,13.0 ,7.5 ,58% ,5.3 ,2.8 ,52% ,5.0 ,5.0 ,100% ,5.5 ,2.5 
Magic Gaming,Marley213s,Mid-Season Tournament 2,1 ,12 ,3 ,4 ,0.8 ,– ,– ,8 ,3 ,5 ,10 ,5 ,50% ,50% ,10 ,5 ,50% ,– ,– ,-,3 ,2 ,67% ,2 ,– ,,12.0 ,3.0 ,4.0 ,0.8 ,– ,– ,8.0 ,3.0 ,5.0 ,10.0 ,5.0 ,50% ,50% ,10.0 ,5.0 ,50% ,– ,– ,-,3.0 ,2.0 ,67% ,2.0 ,– 
Magic Gaming,Marley213s,Mid-Season Tournament 1,2 ,39 ,11 ,2 ,5.5 ,6 ,1 ,13 ,4 ,9 ,25 ,17 ,68% ,68% ,25 ,17 ,68% ,– ,– ,-,6 ,5 ,83% ,5 ,4 ,,19.5 ,5.5 ,1.0 ,5.5 ,3.0 ,0.5 ,6.5 ,2.0 ,4.5 ,12.5 ,8.5 ,68% ,68% ,12.5 ,8.5 ,68% ,– ,– ,-,3.0 ,2.5 ,83% ,2.5 ,2.0 
Celtics Crossover Gaming,MelEast,Mid-Season Tournament 2,4 ,85 ,15 ,6 ,2.5 ,4 ,1 ,45 ,19 ,26 ,51 ,40 ,78% ,78% ,51 ,40 ,78% ,– ,– ,-,12 ,5 ,42% ,11 ,7 ,,21.3 ,3.8 ,1.5 ,2.5 ,1.0 ,0.3 ,11.3 ,4.8 ,6.5 ,12.8 ,10.0 ,78% ,78% ,12.8 ,10.0 ,78% ,– ,– ,-,3.0 ,1.3 ,42% ,2.8 ,1.8 
Celtics Crossover Gaming,MelEast,Mid-Season Tournament 1,4 ,70 ,10 ,4 ,2.5 ,9 ,3 ,31 ,14 ,17 ,62 ,32 ,52% ,52% ,62 ,32 ,52% ,– ,– ,-,6 ,6 ,100% ,6 ,10 ,,17.5 ,2.5 ,1.0 ,2.5 ,2.3 ,0.8 ,7.8 ,3.5 ,4.3 ,15.5 ,8.0 ,52% ,52% ,15.5 ,8.0 ,52% ,– ,– ,-,1.5 ,1.5 ,100% ,1.5 ,2.5 
Kings Guard Gaming,Mootyy,Mid-Season Tournament 2,3 ,81 ,4 ,6 ,0.7 ,3 ,4 ,38 ,21 ,17 ,46 ,36 ,78% ,78% ,46 ,36 ,78% ,– ,– ,-,16 ,9 ,56% ,9 ,9 ,,27.0 ,1.3 ,2.0 ,0.7 ,1.0 ,1.3 ,12.7 ,7.0 ,5.7 ,15.3 ,12.0 ,78% ,78% ,15.3 ,12.0 ,78% ,– ,– ,-,5.3 ,3.0 ,56% ,3.0 ,3.0 
Kings Guard Gaming,Mootyy,Mid-Season Tournament 1,1 ,18 ,3 ,4 ,0.8 ,3 ,1 ,5 ,2 ,3 ,13 ,9 ,69% ,69% ,13 ,9 ,69% ,– ,– ,-,– ,– ,-,1 ,2 ,,18.0 ,3.0 ,4.0 ,0.8 ,3.0 ,1.0 ,5.0 ,2.0 ,3.0 ,13.0 ,9.0 ,69% ,69% ,13.0 ,9.0 ,69% ,– ,– ,-,– ,– ,-,1.0 ,2.0 
Jazz Gaming,MrSlaughter01,Mid-Season Tournament 2,1 ,18 ,3 ,2 ,1.5 ,1 ,2 ,7 ,2 ,5 ,14 ,9 ,64% ,64% ,14 ,9 ,64% ,– ,– ,-,– ,– ,-,– ,1 ,,18.0 ,3.0 ,2.0 ,1.5 ,1.0 ,2.0 ,7.0 ,2.0 ,5.0 ,14.0 ,9.0 ,64% ,64% ,14.0 ,9.0 ,64% ,– ,– ,-,– ,– ,-,– ,1.0 
Jazz Gaming,MrSlaughter01,Mid-Season Tournament 1,1 ,20 ,– ,3 ,– ,2 ,2 ,5 ,3 ,2 ,13 ,9 ,69% ,69% ,13 ,9 ,69% ,– ,– ,-,2 ,2 ,100% ,1 ,3 ,,20.0 ,– ,3.0 ,– ,2.0 ,2.0 ,5.0 ,3.0 ,2.0 ,13.0 ,9.0 ,69% ,69% ,13.0 ,9.0 ,69% ,– ,– ,-,2.0 ,2.0 ,100% ,1.0 ,3.0 
Knicks Gaming,Natekahl,Mid-Season Tournament 2,4 ,26 ,2 ,2 ,1.0 ,6 ,6 ,19 ,1 ,18 ,18 ,9 ,50% ,64% ,6 ,4 ,67% ,12 ,5 ,42% ,5 ,3 ,60% ,2 ,11 ,,6.5 ,0.5 ,0.5 ,1.0 ,1.5 ,1.5 ,4.8 ,0.3 ,4.5 ,4.5 ,2.3 ,50% ,64% ,1.5 ,1.0 ,67% ,3.0 ,1.3 ,42% ,1.3 ,0.8 ,60% ,0.5 ,2.8 
Knicks Gaming,Natekahl,Mid-Season Tournament 1,3 ,34 ,2 ,1 ,2.0 ,– ,2 ,4 ,2 ,2 ,19 ,15 ,79% ,87% ,16 ,12 ,75% ,3 ,3 ,100% ,1 ,1 ,100% ,2 ,1 ,,11.3 ,0.7 ,0.3 ,2.0 ,– ,0.7 ,1.3 ,0.7 ,0.7 ,6.3 ,5.0 ,79% ,87% ,5.3 ,4.0 ,75% ,1.0 ,1.0 ,100% ,0.3 ,0.3 ,100% ,0.7 ,0.3 
76ers GC,Newdini33,Mid-Season Tournament 2,1 ,19 ,1 ,1 ,1.0 ,2 ,– ,3 ,1 ,2 ,15 ,8 ,53% ,57% ,13 ,7 ,54% ,2 ,1 ,50% ,2 ,2 ,100% ,1 ,1 ,,19.0 ,1.0 ,1.0 ,1.0 ,2.0 ,– ,3.0 ,1.0 ,2.0 ,15.0 ,8.0 ,53% ,57% ,13.0 ,7.0 ,54% ,2.0 ,1.0 ,50% ,2.0 ,2.0 ,100% ,1.0 ,1.0 
76ers GC,Newdini33,Mid-Season Tournament 1,3 ,33 ,5 ,7 ,0.7 ,3 ,2 ,10 ,4 ,6 ,21 ,15 ,71% ,76% ,16 ,13 ,81% ,5 ,2 ,40% ,2 ,1 ,50% ,1 ,9 ,,11.0 ,1.7 ,2.3 ,0.7 ,1.0 ,0.7 ,3.3 ,1.3 ,2.0 ,7.0 ,5.0 ,71% ,76% ,5.3 ,4.3 ,81% ,1.7 ,0.7 ,40% ,0.7 ,0.3 ,50% ,0.3 ,3.0 
Celtics Crossover Gaming,Ofab,Mid-Season Tournament 2,4 ,78 ,69 ,13 ,5.3 ,10 ,– ,3 ,1 ,2 ,67 ,31 ,46% ,54% ,38 ,21 ,55% ,29 ,10 ,35% ,6 ,6 ,100% ,19 ,9 ,,19.5 ,17.3 ,3.3 ,5.3 ,2.5 ,– ,0.8 ,0.3 ,0.5 ,16.8 ,7.8 ,46% ,54% ,9.5 ,5.3 ,55% ,7.3 ,2.5 ,35% ,1.5 ,1.5 ,100% ,4.8 ,2.3 
Celtics Crossover Gaming,Ofab,Mid-Season Tournament 1,4 ,58 ,77 ,15 ,5.1 ,9 ,– ,5 ,3 ,2 ,44 ,22 ,50% ,59% ,28 ,14 ,50% ,16 ,8 ,50% ,6 ,6 ,100% ,13 ,19 ,,14.5 ,19.3 ,3.8 ,5.1 ,2.3 ,– ,1.3 ,0.8 ,0.5 ,11.0 ,5.5 ,50% ,59% ,7.0 ,3.5 ,50% ,4.0 ,2.0 ,50% ,1.5 ,1.5 ,100% ,3.3 ,4.8 
Bucks Gaming,OLarry,Mid-Season Tournament 2,2 ,16 ,17 ,8 ,2.1 ,3 ,– ,1 ,1 ,– ,10 ,6 ,60% ,70% ,7 ,4 ,57% ,3 ,2 ,67% ,2 ,2 ,100% ,4 ,5 ,,8.0 ,8.5 ,4.0 ,2.1 ,1.5 ,– ,0.5 ,0.5 ,– ,5.0 ,3.0 ,60% ,70% ,3.5 ,2.0 ,57% ,1.5 ,1.0 ,67% ,1.0 ,1.0 ,100% ,2.0 ,2.5 
Bucks Gaming,OLarry,Mid-Season Tournament 1,1 ,19 ,1 ,1 ,1.0 ,1 ,2 ,5 ,1 ,4 ,10 ,9 ,90% ,90% ,10 ,9 ,90% ,– ,– ,-,1 ,1 ,100% ,– ,4 ,,19.0 ,1.0 ,1.0 ,1.0 ,1.0 ,2.0 ,5.0 ,1.0 ,4.0 ,10.0 ,9.0 ,90% ,90% ,10.0 ,9.0 ,90% ,– ,– ,-,1.0 ,1.0 ,100% ,– ,4.0 
Blazers Gaming,OneWildWalnut,Mid-Season Tournament 2,1 ,24 ,4 ,2 ,2.0 ,– ,3 ,18 ,9 ,9 ,15 ,12 ,80% ,80% ,15 ,12 ,80% ,– ,– ,-,1 ,– ,– ,1 ,4 ,,24.0 ,4.0 ,2.0 ,2.0 ,– ,3.0 ,18.0 ,9.0 ,9.0 ,15.0 ,12.0 ,80% ,80% ,15.0 ,12.0 ,80% ,– ,– ,-,1.0 ,– ,– ,1.0 ,4.0 
Blazers Gaming,OneWildWalnut,Mid-Season Tournament 1,4 ,80 ,10 ,10 ,1.0 ,9 ,10 ,54 ,18 ,36 ,57 ,37 ,65% ,65% ,56 ,37 ,66% ,1 ,– ,– ,7 ,6 ,86% ,4 ,14 ,,20.0 ,2.5 ,2.5 ,1.0 ,2.3 ,2.5 ,13.5 ,4.5 ,9.0 ,14.3 ,9.3 ,65% ,65% ,14.0 ,9.3 ,66% ,0.3 ,– ,– ,1.8 ,1.5 ,86% ,1.0 ,3.5 
Grizz Gaming,PhenomVV,Mid-Season Tournament 2,1 ,6 ,– ,3 ,– ,1 ,– ,– ,– ,– ,4 ,2 ,50% ,75% ,– ,– ,-,4 ,2 ,50% ,– ,– ,-,– ,– ,,6.0 ,– ,3.0 ,– ,1.0 ,– ,– ,– ,– ,4.0 ,2.0 ,50% ,75% ,– ,– ,-,4.0 ,2.0 ,50% ,– ,– ,-,– ,– 
Grizz Gaming,PhenomVV,Mid-Season Tournament 1,1 ,2 ,1 ,2 ,0.5 ,1 ,– ,1 ,– ,1 ,1 ,1 ,100% ,100% ,1 ,1 ,100% ,– ,– ,-,– ,– ,-,– ,– ,,2.0 ,1.0 ,2.0 ,0.5 ,1.0 ,– ,1.0 ,– ,1.0 ,1.0 ,1.0 ,100% ,100% ,1.0 ,1.0 ,100% ,– ,– ,-,– ,– ,-,– ,– 
Bucks Gaming,Procis1on,Mid-Season Tournament 2,2 ,16 ,2 ,2 ,1.0 ,– ,– ,1 ,– ,1 ,11 ,6 ,55% ,73% ,5 ,2 ,40% ,6 ,4 ,67% ,– ,– ,-,2 ,3 ,,8.0 ,1.0 ,1.0 ,1.0 ,– ,– ,0.5 ,– ,0.5 ,5.5 ,3.0 ,55% ,73% ,2.5 ,1.0 ,40% ,3.0 ,2.0 ,67% ,– ,– ,-,1.0 ,1.5 
Celtics Crossover Gaming,Profusion,Mid-Season Tournament 2,4 ,65 ,7 ,– ,– ,4 ,– ,6 ,3 ,3 ,32 ,25 ,78% ,95% ,18 ,14 ,78% ,14 ,11 ,79% ,5 ,4 ,80% ,4 ,4 ,,16.3 ,1.8 ,– ,– ,1.0 ,– ,1.5 ,0.8 ,0.8 ,8.0 ,6.3 ,78% ,95% ,4.5 ,3.5 ,78% ,3.5 ,2.8 ,79% ,1.3 ,1.0 ,80% ,1.0 ,1.0 
Celtics Crossover Gaming,Profusion,Mid-Season Tournament 1,4 ,44 ,2 ,1 ,2.0 ,5 ,– ,5 ,1 ,4 ,25 ,17 ,68% ,78% ,17 ,12 ,71% ,8 ,5 ,63% ,5 ,5 ,100% ,2 ,4 ,,11.0 ,0.5 ,0.3 ,2.0 ,1.3 ,– ,1.3 ,0.3 ,1.0 ,6.3 ,4.3 ,68% ,78% ,4.3 ,3.0 ,71% ,2.0 ,1.3 ,63% ,1.3 ,1.3 ,100% ,0.5 ,1.0 
76ers GC,Radiant,Mid-Season Tournament 2,1 ,13 ,12 ,4 ,3.0 ,3 ,– ,– ,– ,– ,12 ,6 ,50% ,54% ,8 ,5 ,63% ,4 ,1 ,25% ,– ,– ,-,7 ,3 ,,13.0 ,12.0 ,4.0 ,3.0 ,3.0 ,– ,– ,– ,– ,12.0 ,6.0 ,50% ,54% ,8.0 ,5.0 ,63% ,4.0 ,1.0 ,25% ,– ,– ,-,7.0 ,3.0 
76ers GC,Radiant,Mid-Season Tournament 1,3 ,72 ,37 ,5 ,7.4 ,3 ,1 ,4 ,– ,4 ,46 ,28 ,61% ,74% ,23 ,16 ,70% ,23 ,12 ,52% ,4 ,4 ,100% ,12 ,5 ,,24.0 ,12.3 ,1.7 ,7.4 ,1.0 ,0.3 ,1.3 ,– ,1.3 ,15.3 ,9.3 ,61% ,74% ,7.7 ,5.3 ,70% ,7.7 ,4.0 ,52% ,1.3 ,1.3 ,100% ,4.0 ,1.7 
Wizards District Gaming,ReeseDaGod23,Mid-Season Tournament 2,2 ,22 ,2 ,2 ,1.0 ,2 ,1 ,– ,– ,– ,11 ,8 ,73% ,95% ,5 ,3 ,60% ,6 ,5 ,83% ,1 ,1 ,100% ,2 ,2 ,,11.0 ,1.0 ,1.0 ,1.0 ,1.0 ,0.5 ,– ,– ,– ,5.5 ,4.0 ,73% ,95% ,2.5 ,1.5 ,60% ,3.0 ,2.5 ,83% ,0.5 ,0.5 ,100% ,1.0 ,1.0 
Wizards District Gaming,ReeseDaGod23,Mid-Season Tournament 1,2 ,8 ,5 ,– ,– ,2 ,– ,3 ,– ,3 ,7 ,3 ,43% ,57% ,3 ,1 ,33% ,4 ,2 ,50% ,– ,– ,-,– ,– ,,4.0 ,2.5 ,– ,– ,1.0 ,– ,1.5 ,– ,1.5 ,3.5 ,1.5 ,43% ,57% ,1.5 ,0.5 ,33% ,2.0 ,1.0 ,50% ,– ,– ,-,– ,– 
Pistons GT,Rux,Mid-Season Tournament 2,3 ,21 ,8 ,3 ,2.7 ,3 ,– ,2 ,– ,2 ,15 ,7 ,47% ,63% ,2 ,2 ,100% ,13 ,5 ,39% ,2 ,2 ,100% ,1 ,3 ,,7.0 ,2.7 ,1.0 ,2.7 ,1.0 ,– ,0.7 ,– ,0.7 ,5.0 ,2.3 ,47% ,63% ,0.7 ,0.7 ,100% ,4.3 ,1.7 ,39% ,0.7 ,0.7 ,100% ,0.3 ,1.0 
Pistons GT,Rux,Mid-Season Tournament 1,1 ,6 ,1 ,1 ,1.0 ,– ,– ,3 ,– ,3 ,5 ,2 ,40% ,60% ,– ,– ,-,5 ,2 ,40% ,– ,– ,-,– ,1 ,,6.0 ,1.0 ,1.0 ,1.0 ,– ,– ,3.0 ,– ,3.0 ,5.0 ,2.0 ,40% ,60% ,– ,– ,-,5.0 ,2.0 ,40% ,– ,– ,-,– ,1.0 
Kings Guard Gaming,Safiya4ya,Mid-Season Tournament 2,3 ,12 ,4 ,5 ,0.8 ,4 ,– ,3 ,– ,3 ,8 ,4 ,50% ,75% ,– ,– ,-,8 ,4 ,50% ,– ,– ,-,1 ,1 ,,4.0 ,1.3 ,1.7 ,0.8 ,1.3 ,– ,1.0 ,– ,1.0 ,2.7 ,1.3 ,50% ,75% ,– ,– ,-,2.7 ,1.3 ,50% ,– ,– ,-,0.3 ,0.3 
Kings Guard Gaming,Safiya4ya,Mid-Season Tournament 1,1 ,4 ,1 ,4 ,0.3 ,2 ,– ,2 ,– ,2 ,9 ,2 ,22% ,22% ,7 ,2 ,29% ,2 ,– ,– ,– ,– ,-,1 ,1 ,,4.0 ,1.0 ,4.0 ,0.3 ,2.0 ,– ,2.0 ,– ,2.0 ,9.0 ,2.0 ,22% ,22% ,7.0 ,2.0 ,29% ,2.0 ,– ,– ,– ,– ,-,1.0 ,1.0 
Heatcheck Gaming,Sharpshooterlos,Mid-Season Tournament 2,1 ,6 ,– ,1 ,– ,– ,– ,1 ,– ,1 ,4 ,2 ,50% ,75% ,– ,– ,-,4 ,2 ,50% ,– ,– ,-,1 ,2 ,,6.0 ,– ,1.0 ,– ,– ,– ,1.0 ,– ,1.0 ,4.0 ,2.0 ,50% ,75% ,– ,– ,-,4.0 ,2.0 ,50% ,– ,– ,-,1.0 ,2.0 
Heatcheck Gaming,Sharpshooterlos,Mid-Season Tournament 1,1 ,10 ,2 ,1 ,2.0 ,5 ,1 ,4 ,1 ,3 ,10 ,5 ,50% ,50% ,10 ,5 ,50% ,– ,– ,-,– ,– ,-,1 ,5 ,,10.0 ,2.0 ,1.0 ,2.0 ,5.0 ,1.0 ,4.0 ,1.0 ,3.0 ,10.0 ,5.0 ,50% ,50% ,10.0 ,5.0 ,50% ,– ,– ,-,– ,– ,-,1.0 ,5.0 
Warriors Gaming Squad,ShawnWin,Mid-Season Tournament 2,1 ,12 ,– ,– ,– ,1 ,– ,2 ,1 ,1 ,6 ,5 ,83% ,100% ,4 ,3 ,75% ,2 ,2 ,100% ,– ,– ,-,– ,– ,,12.0 ,– ,– ,– ,1.0 ,– ,2.0 ,1.0 ,1.0 ,6.0 ,5.0 ,83% ,100% ,4.0 ,3.0 ,75% ,2.0 ,2.0 ,100% ,– ,– ,-,– ,– 
Warriors Gaming Squad,ShawnWin,Mid-Season Tournament 1,2 ,7 ,1 ,2 ,0.5 ,– ,– ,1 ,– ,1 ,7 ,3 ,43% ,50% ,2 ,2 ,100% ,5 ,1 ,20% ,– ,– ,-,1 ,1 ,,3.5 ,0.5 ,1.0 ,0.5 ,– ,– ,0.5 ,– ,0.5 ,3.5 ,1.5 ,43% ,50% ,1.0 ,1.0 ,100% ,2.5 ,0.5 ,20% ,– ,– ,-,0.5 ,0.5 
Cavs Legion GC,SickX973,Mid-Season Tournament 2,3 ,39 ,24 ,6 ,4.0 ,2 ,– ,– ,– ,– ,24 ,17 ,71% ,79% ,17 ,13 ,77% ,7 ,4 ,57% ,1 ,1 ,100% ,5 ,6 ,,13.0 ,8.0 ,2.0 ,4.0 ,0.7 ,– ,– ,– ,– ,8.0 ,5.7 ,71% ,79% ,5.7 ,4.3 ,77% ,2.3 ,1.3 ,57% ,0.3 ,0.3 ,100% ,1.7 ,2.0 
Cavs Legion GC,SickX973,Mid-Season Tournament 1,1 ,32 ,1 ,1 ,1.0 ,3 ,– ,7 ,4 ,3 ,17 ,13 ,77% ,77% ,17 ,13 ,77% ,– ,– ,-,6 ,6 ,100% ,3 ,3 ,,32.0 ,1.0 ,1.0 ,1.0 ,3.0 ,– ,7.0 ,4.0 ,3.0 ,17.0 ,13.0 ,77% ,77% ,17.0 ,13.0 ,77% ,– ,– ,-,6.0 ,6.0 ,100% ,3.0 ,3.0 
Jazz Gaming,Smoove,Mid-Season Tournament 1,1 ,11 ,1 ,5 ,0.2 ,– ,– ,2 ,1 ,1 ,11 ,4 ,36% ,41% ,7 ,3 ,43% ,4 ,1 ,25% ,2 ,2 ,100% ,2 ,1 ,,11.0 ,1.0 ,5.0 ,0.2 ,– ,– ,2.0 ,1.0 ,1.0 ,11.0 ,4.0 ,36% ,41% ,7.0 ,3.0 ,43% ,4.0 ,1.0 ,25% ,2.0 ,2.0 ,100% ,2.0 ,1.0 
Celtics Crossover Gaming,Speedbrook,Mid-Season Tournament 2,4 ,32 ,1 ,– ,– ,3 ,– ,– ,– ,– ,26 ,12 ,46% ,62% ,7 ,4 ,57% ,19 ,8 ,42% ,– ,– ,-,– ,5 ,,8.0 ,0.3 ,– ,– ,0.8 ,– ,– ,– ,– ,6.5 ,3.0 ,46% ,62% ,1.8 ,1.0 ,57% ,4.8 ,2.0 ,42% ,– ,– ,-,– ,1.3 
Celtics Crossover Gaming,Speedbrook,Mid-Season Tournament 1,4 ,54 ,2 ,2 ,1.0 ,1 ,– ,1 ,– ,1 ,32 ,21 ,66% ,78% ,15 ,13 ,87% ,17 ,8 ,47% ,4 ,4 ,100% ,3 ,2 ,,13.5 ,0.5 ,0.5 ,1.0 ,0.3 ,– ,0.3 ,– ,0.3 ,8.0 ,5.3 ,66% ,78% ,3.8 ,3.3 ,87% ,4.3 ,2.0 ,47% ,1.0 ,1.0 ,100% ,0.8 ,0.5 
Jazz Gaming,Stambreezy,Mid-Season Tournament 2,1 ,6 ,– ,1 ,– ,– ,– ,– ,– ,– ,4 ,2 ,50% ,75% ,1 ,– ,– ,3 ,2 ,67% ,– ,– ,-,– ,1 ,,6.0 ,– ,1.0 ,– ,– ,– ,– ,– ,– ,4.0 ,2.0 ,50% ,75% ,1.0 ,– ,– ,3.0 ,2.0 ,67% ,– ,– ,-,– ,1.0 
76ers GC,Steez,Mid-Season Tournament 2,1 ,7 ,– ,– ,– ,1 ,1 ,8 ,2 ,6 ,5 ,3 ,60% ,60% ,5 ,3 ,60% ,– ,– ,-,2 ,1 ,50% ,1 ,– ,,7.0 ,– ,– ,– ,1.0 ,1.0 ,8.0 ,2.0 ,6.0 ,5.0 ,3.0 ,60% ,60% ,5.0 ,3.0 ,60% ,– ,– ,-,2.0 ,1.0 ,50% ,1.0 ,– 
76ers GC,Steez,Mid-Season Tournament 1,3 ,43 ,4 ,1 ,4.0 ,– ,4 ,21 ,4 ,17 ,29 ,20 ,69% ,69% ,29 ,20 ,69% ,– ,– ,-,3 ,3 ,100% ,3 ,6 ,,14.3 ,1.3 ,0.3 ,4.0 ,– ,1.3 ,7.0 ,1.3 ,5.7 ,9.7 ,6.7 ,69% ,69% ,9.7 ,6.7 ,69% ,– ,– ,-,1.0 ,1.0 ,100% ,1.0 ,2.0 
Magic Gaming,SupremePuller,Mid-Season Tournament 2,1 ,8 ,1 ,1 ,1.0 ,– ,– ,1 ,– ,1 ,7 ,3 ,43% ,57% ,1 ,1 ,100% ,6 ,2 ,33% ,– ,– ,-,1 ,– ,,8.0 ,1.0 ,1.0 ,1.0 ,– ,– ,1.0 ,– ,1.0 ,7.0 ,3.0 ,43% ,57% ,1.0 ,1.0 ,100% ,6.0 ,2.0 ,33% ,– ,– ,-,1.0 ,– 
Magic Gaming,SupremePuller,Mid-Season Tournament 1,2 ,17 ,2 ,1 ,2.0 ,2 ,– ,– ,– ,– ,11 ,6 ,55% ,77% ,3 ,1 ,33% ,8 ,5 ,63% ,– ,– ,-,2 ,2 ,,8.5 ,1.0 ,0.5 ,2.0 ,1.0 ,– ,– ,– ,– ,5.5 ,3.0 ,55% ,77% ,1.5 ,0.5 ,33% ,4.0 ,2.5 ,63% ,– ,– ,-,1.0 ,1.0 
Pacers Gaming,Swizurk,Mid-Season Tournament 2,1 ,13 ,1 ,1 ,1.0 ,2 ,– ,– ,– ,– ,9 ,5 ,56% ,72% ,3 ,2 ,67% ,6 ,3 ,50% ,– ,– ,-,– ,3 ,,13.0 ,1.0 ,1.0 ,1.0 ,2.0 ,– ,– ,– ,– ,9.0 ,5.0 ,56% ,72% ,3.0 ,2.0 ,67% ,6.0 ,3.0 ,50% ,– ,– ,-,– ,3.0 
Pacers Gaming,Swizurk,Mid-Season Tournament 1,1 ,17 ,3 ,– ,– ,1 ,– ,2 ,– ,2 ,10 ,6 ,60% ,80% ,3 ,2 ,67% ,7 ,4 ,57% ,1 ,1 ,100% ,2 ,5 ,,17.0 ,3.0 ,– ,– ,1.0 ,– ,2.0 ,– ,2.0 ,10.0 ,6.0 ,60% ,80% ,3.0 ,2.0 ,67% ,7.0 ,4.0 ,57% ,1.0 ,1.0 ,100% ,2.0 ,5.0 
Jazz Gaming,TifeWorld,Mid-Season Tournament 2,1 ,9 ,1 ,– ,– ,– ,– ,1 ,– ,1 ,6 ,4 ,67% ,75% ,5 ,3 ,60% ,1 ,1 ,100% ,– ,– ,-,1 ,1 ,,9.0 ,1.0 ,– ,– ,– ,– ,1.0 ,– ,1.0 ,6.0 ,4.0 ,67% ,75% ,5.0 ,3.0 ,60% ,1.0 ,1.0 ,100% ,– ,– ,-,1.0 ,1.0 
Jazz Gaming,TifeWorld,Mid-Season Tournament 1,1 ,6 ,1 ,1 ,1.0 ,1 ,– ,– ,– ,– ,6 ,3 ,50% ,50% ,4 ,3 ,75% ,2 ,– ,– ,– ,– ,-,– ,1 ,,6.0 ,1.0 ,1.0 ,1.0 ,1.0 ,– ,– ,– ,– ,6.0 ,3.0 ,50% ,50% ,4.0 ,3.0 ,75% ,2.0 ,– ,– ,– ,– ,-,– ,1.0 
Kings Guard Gaming,TimelyCook,Mid-Season Tournament 2,3 ,19 ,5 ,1 ,5.0 ,6 ,– ,2 ,– ,2 ,16 ,8 ,50% ,56% ,12 ,6 ,50% ,4 ,2 ,50% ,1 ,1 ,100% ,2 ,9 ,,6.3 ,1.7 ,0.3 ,5.0 ,2.0 ,– ,0.7 ,– ,0.7 ,5.3 ,2.7 ,50% ,56% ,4.0 ,2.0 ,50% ,1.3 ,0.7 ,50% ,0.3 ,0.3 ,100% ,0.7 ,3.0 
Kings Guard Gaming,TimelyCook,Mid-Season Tournament 1,1 ,8 ,8 ,2 ,4.0 ,2 ,– ,2 ,– ,2 ,10 ,4 ,40% ,40% ,8 ,4 ,50% ,2 ,– ,– ,– ,– ,-,4 ,3 ,,8.0 ,8.0 ,2.0 ,4.0 ,2.0 ,– ,2.0 ,– ,2.0 ,10.0 ,4.0 ,40% ,40% ,8.0 ,4.0 ,50% ,2.0 ,– ,– ,– ,– ,-,4.0 ,3.0 
Cavs Legion GC,Toxsik,Mid-Season Tournament 2,3 ,10 ,1 ,– ,– ,– ,– ,1 ,– ,1 ,7 ,4 ,57% ,64% ,3 ,3 ,100% ,4 ,1 ,25% ,1 ,1 ,100% ,1 ,1 ,,3.3 ,0.3 ,– ,– ,– ,– ,0.3 ,– ,0.3 ,2.3 ,1.3 ,57% ,64% ,1.0 ,1.0 ,100% ,1.3 ,0.3 ,25% ,0.3 ,0.3 ,100% ,0.3 ,0.3 
Cavs Legion GC,Toxsik,Mid-Season Tournament 1,1 ,3 ,2 ,3 ,0.7 ,– ,– ,1 ,1 ,– ,2 ,1 ,50% ,75% ,– ,– ,-,2 ,1 ,50% ,– ,– ,-,– ,3 ,,3.0 ,2.0 ,3.0 ,0.7 ,– ,– ,1.0 ,1.0 ,– ,2.0 ,1.0 ,50% ,75% ,– ,– ,-,2.0 ,1.0 ,50% ,– ,– ,-,– ,3.0 
Raptors Uprising GC,TsJosh,Mid-Season Tournament 2,1 ,3 ,2 ,1 ,2.0 ,– ,– ,– ,– ,– ,4 ,1 ,25% ,38% ,1 ,– ,– ,3 ,1 ,33% ,– ,– ,-,– ,4 ,,3.0 ,2.0 ,1.0 ,2.0 ,– ,– ,– ,– ,– ,4.0 ,1.0 ,25% ,38% ,1.0 ,– ,– ,3.0 ,1.0 ,33% ,– ,– ,-,– ,4.0 
Raptors Uprising GC,TsJosh,Mid-Season Tournament 1,2 ,28 ,5 ,5 ,1.0 ,1 ,– ,3 ,2 ,1 ,23 ,12 ,52% ,54% ,17 ,11 ,65% ,6 ,1 ,17% ,3 ,3 ,100% ,8 ,3 ,,14.0 ,2.5 ,2.5 ,1.0 ,0.5 ,– ,1.5 ,1.0 ,0.5 ,11.5 ,6.0 ,52% ,54% ,8.5 ,5.5 ,65% ,3.0 ,0.5 ,17% ,1.5 ,1.5 ,100% ,4.0 ,1.5 
Pacers Gaming,TuckerLocksUp,Mid-Season Tournament 2,1 ,10 ,1 ,4 ,0.3 ,– ,– ,10 ,7 ,3 ,9 ,5 ,56% ,56% ,9 ,5 ,56% ,– ,– ,-,– ,– ,-,– ,3 ,,10.0 ,1.0 ,4.0 ,0.3 ,– ,– ,10.0 ,7.0 ,3.0 ,9.0 ,5.0 ,56% ,56% ,9.0 ,5.0 ,56% ,– ,– ,-,– ,– ,-,– ,3.0 
Pacers Gaming,TuckerLocksUp,Mid-Season Tournament 1,1 ,8 ,1 ,3 ,0.3 ,– ,2 ,2 ,1 ,1 ,8 ,4 ,50% ,50% ,8 ,4 ,50% ,– ,– ,-,– ,– ,-,– ,2 ,,8.0 ,1.0 ,3.0 ,0.3 ,– ,2.0 ,2.0 ,1.0 ,1.0 ,8.0 ,4.0 ,50% ,50% ,8.0 ,4.0 ,50% ,– ,– ,-,– ,– ,-,– ,2.0 
Cavs Legion GC,Turnupdefense,Mid-Season Tournament 2,3 ,11 ,5 ,3 ,1.7 ,5 ,– ,8 ,– ,8 ,11 ,5 ,45% ,50% ,4 ,4 ,100% ,7 ,1 ,14% ,– ,– ,-,1 ,8 ,,3.7 ,1.7 ,1.0 ,1.7 ,1.7 ,– ,2.7 ,– ,2.7 ,3.7 ,1.7 ,45% ,50% ,1.3 ,1.3 ,100% ,2.3 ,0.3 ,14% ,– ,– ,-,0.3 ,2.7 
Cavs Legion GC,Turnupdefense,Mid-Season Tournament 1,1 ,3 ,1 ,– ,– ,– ,– ,– ,– ,– ,5 ,1 ,20% ,30% ,1 ,– ,– ,4 ,1 ,25% ,– ,– ,-,– ,– ,,3.0 ,1.0 ,– ,– ,– ,– ,– ,– ,– ,5.0 ,1.0 ,20% ,30% ,1.0 ,– ,– ,4.0 ,1.0 ,25% ,– ,– ,-,– ,– 
Warriors Gaming Squad,Type,Mid-Season Tournament 2,1 ,5 ,2 ,3 ,0.7 ,1 ,1 ,1 ,– ,1 ,2 ,1 ,50% ,50% ,2 ,1 ,50% ,– ,– ,-,3 ,3 ,100% ,3 ,– ,,5.0 ,2.0 ,3.0 ,0.7 ,1.0 ,1.0 ,1.0 ,– ,1.0 ,2.0 ,1.0 ,50% ,50% ,2.0 ,1.0 ,50% ,– ,– ,-,3.0 ,3.0 ,100% ,3.0 ,– 
Warriors Gaming Squad,Type,Mid-Season Tournament 1,2 ,26 ,8 ,1 ,8.0 ,3 ,3 ,11 ,2 ,9 ,22 ,10 ,45% ,59% ,12 ,4 ,33% ,10 ,6 ,60% ,– ,– ,-,1 ,4 ,,13.0 ,4.0 ,0.5 ,8.0 ,1.5 ,1.5 ,5.5 ,1.0 ,4.5 ,11.0 ,5.0 ,45% ,59% ,6.0 ,2.0 ,33% ,5.0 ,3.0 ,60% ,– ,– ,-,0.5 ,2.0 
Magic Gaming,Ucmanny,Mid-Season Tournament 2,1 ,10 ,1 ,1 ,1.0 ,1 ,– ,2 ,– ,2 ,8 ,4 ,50% ,63% ,5 ,2 ,40% ,3 ,2 ,67% ,– ,– ,-,2 ,5 ,,10.0 ,1.0 ,1.0 ,1.0 ,1.0 ,– ,2.0 ,– ,2.0 ,8.0 ,4.0 ,50% ,63% ,5.0 ,2.0 ,40% ,3.0 ,2.0 ,67% ,– ,– ,-,2.0 ,5.0 
Magic Gaming,Ucmanny,Mid-Season Tournament 1,2 ,18 ,10 ,9 ,1.1 ,2 ,– ,5 ,– ,5 ,15 ,7 ,47% ,53% ,10 ,5 ,50% ,5 ,2 ,40% ,2 ,2 ,100% ,2 ,5 ,,9.0 ,5.0 ,4.5 ,1.1 ,1.0 ,– ,2.5 ,– ,2.5 ,7.5 ,3.5 ,47% ,53% ,5.0 ,2.5 ,50% ,2.5 ,1.0 ,40% ,1.0 ,1.0 ,100% ,1.0 ,2.5 
Grizz Gaming,UniversalPhenom,Mid-Season Tournament 2,1 ,4 ,3 ,2 ,1.5 ,1 ,2 ,5 ,1 ,4 ,5 ,2 ,40% ,40% ,4 ,2 ,50% ,1 ,– ,– ,– ,– ,-,– ,2 ,,4.0 ,3.0 ,2.0 ,1.5 ,1.0 ,2.0 ,5.0 ,1.0 ,4.0 ,5.0 ,2.0 ,40% ,40% ,4.0 ,2.0 ,50% ,1.0 ,– ,– ,– ,– ,-,– ,2.0 
Warriors Gaming Squad,Vert,Mid-Season Tournament 2,1 ,25 ,2 ,1 ,2.0 ,1 ,2 ,12 ,3 ,9 ,20 ,12 ,60% ,60% ,20 ,12 ,60% ,– ,– ,-,1 ,1 ,100% ,1 ,4 ,,25.0 ,2.0 ,1.0 ,2.0 ,1.0 ,2.0 ,12.0 ,3.0 ,9.0 ,20.0 ,12.0 ,60% ,60% ,20.0 ,12.0 ,60% ,– ,– ,-,1.0 ,1.0 ,100% ,1.0 ,4.0 
Warriors Gaming Squad,Vert,Mid-Season Tournament 1,2 ,43 ,3 ,6 ,0.5 ,3 ,5 ,23 ,11 ,12 ,31 ,20 ,65% ,65% ,31 ,20 ,65% ,– ,– ,-,3 ,3 ,100% ,2 ,5 ,,21.5 ,1.5 ,3.0 ,0.5 ,1.5 ,2.5 ,11.5 ,5.5 ,6.0 ,15.5 ,10.0 ,65% ,65% ,15.5 ,10.0 ,65% ,– ,– ,-,1.5 ,1.5 ,100% ,1.0 ,2.5 
Pacers Gaming,vGooner-,Mid-Season Tournament 2,1 ,14 ,1 ,2 ,0.5 ,1 ,– ,3 ,2 ,1 ,10 ,5 ,50% ,70% ,1 ,1 ,100% ,9 ,4 ,44% ,– ,– ,-,– ,1 ,,14.0 ,1.0 ,2.0 ,0.5 ,1.0 ,– ,3.0 ,2.0 ,1.0 ,10.0 ,5.0 ,50% ,70% ,1.0 ,1.0 ,100% ,9.0 ,4.0 ,44% ,– ,– ,-,– ,1.0 
Pacers Gaming,vGooner-,Mid-Season Tournament 1,1 ,– ,7 ,3 ,2.3 ,1 ,– ,– ,– ,– ,4 ,– ,– ,– ,1 ,– ,– ,3 ,– ,– ,– ,– ,-,– ,– ,,– ,7.0 ,3.0 ,2.3 ,1.0 ,– ,– ,– ,– ,4.0 ,– ,– ,– ,1.0 ,– ,– ,3.0 ,– ,– ,– ,– ,-,– ,– 
Grizz Gaming,Winner_Stayz_On,Mid-Season Tournament 1,1 ,4 ,1 ,– ,– ,– ,– ,2 ,1 ,1 ,10 ,2 ,20% ,20% ,7 ,2 ,29% ,3 ,– ,– ,– ,– ,-,1 ,– ,,4.0 ,1.0 ,– ,– ,– ,– ,2.0 ,1.0 ,1.0 ,10.0 ,2.0 ,20% ,20% ,7.0 ,2.0 ,29% ,3.0 ,– ,– ,– ,– ,-,1.0 ,– 
Pacers Gaming,WoLF 74,Mid-Season Tournament 2,1 ,7 ,14 ,2 ,7.0 ,– ,1 ,– ,– ,– ,7 ,3 ,43% ,50% ,4 ,2 ,50% ,3 ,1 ,33% ,– ,– ,-,– ,4 ,,7.0 ,14.0 ,2.0 ,7.0 ,– ,1.0 ,– ,– ,– ,7.0 ,3.0 ,43% ,50% ,4.0 ,2.0 ,50% ,3.0 ,1.0 ,33% ,– ,– ,-,– ,4.0 
Pacers Gaming,WoLF 74,Mid-Season Tournament 1,1 ,10 ,2 ,– ,– ,2 ,– ,2 ,1 ,1 ,5 ,4 ,80% ,100% ,3 ,2 ,67% ,2 ,2 ,100% ,– ,– ,-,1 ,3 ,,10.0 ,2.0 ,– ,– ,2.0 ,– ,2.0 ,1.0 ,1.0 ,5.0 ,4.0 ,80% ,100% ,3.0 ,2.0 ,67% ,2.0 ,2.0 ,100% ,– ,– ,-,1.0 ,3.0 
Kings Guard Gaming,Worthingcolt,Mid-Season Tournament 2,3 ,61 ,32 ,9 ,3.6 ,2 ,– ,– ,– ,– ,56 ,26 ,46% ,50% ,44 ,22 ,50% ,12 ,4 ,33% ,6 ,5 ,83% ,10 ,12 ,,20.3 ,10.7 ,3.0 ,3.6 ,0.7 ,– ,– ,– ,– ,18.7 ,8.7 ,46% ,50% ,14.7 ,7.3 ,50% ,4.0 ,1.3 ,33% ,2.0 ,1.7 ,83% ,3.3 ,4.0 
Kings Guard Gaming,Worthingcolt,Mid-Season Tournament 1,1 ,19 ,7 ,1 ,7.0 ,2 ,1 ,7 ,3 ,4 ,13 ,8 ,62% ,62% ,13 ,8 ,62% ,– ,– ,-,3 ,3 ,100% ,3 ,2 ,,19.0 ,7.0 ,1.0 ,7.0 ,2.0 ,1.0 ,7.0 ,3.0 ,4.0 ,13.0 ,8.0 ,62% ,62% ,13.0 ,8.0 ,62% ,– ,– ,-,3.0 ,3.0 ,100% ,3.0 ,2.0 
Wizards District Gaming,XGreatXGilly13,Mid-Season Tournament 2,2 ,2 ,3 ,4 ,0.8 ,1 ,4 ,16 ,– ,16 ,2 ,1 ,50% ,50% ,1 ,1 ,100% ,1 ,– ,– ,– ,– ,-,– ,6 ,,1.0 ,1.5 ,2.0 ,0.8 ,0.5 ,2.0 ,8.0 ,– ,8.0 ,1.0 ,0.5 ,50% ,50% ,0.5 ,0.5 ,100% ,0.5 ,– ,– ,– ,– ,-,– ,3.0 
Wizards District Gaming,XGreatXGilly13,Mid-Season Tournament 1,2 ,4 ,1 ,1 ,1.0 ,3 ,4 ,11 ,1 ,10 ,3 ,2 ,67% ,67% ,3 ,2 ,67% ,– ,– ,-,– ,– ,-,1 ,– ,,2.0 ,0.5 ,0.5 ,1.0 ,1.5 ,2.0 ,5.5 ,0.5 ,5.0 ,1.5 ,1.0 ,67% ,67% ,1.5 ,1.0 ,67% ,– ,– ,-,– ,– ,-,0.5 ,– 
Bucks Gaming,XXSTL2LAXX,Mid-Season Tournament 2,2 ,17 ,3 ,1 ,3.0 ,5 ,3 ,22 ,10 ,12 ,13 ,8 ,62% ,62% ,13 ,8 ,62% ,– ,– ,-,4 ,1 ,25% ,2 ,5 ,,8.5 ,1.5 ,0.5 ,3.0 ,2.5 ,1.5 ,11.0 ,5.0 ,6.0 ,6.5 ,4.0 ,62% ,62% ,6.5 ,4.0 ,62% ,– ,– ,-,2.0 ,0.5 ,25% ,1.0 ,2.5 
Bucks Gaming,XXSTL2LAXX,Mid-Season Tournament 1,1 ,16 ,3 ,1 ,3.0 ,2 ,1 ,1 ,– ,1 ,10 ,5 ,50% ,60% ,5 ,3 ,60% ,5 ,2 ,40% ,4 ,4 ,100% ,2 ,1 ,,16.0 ,3.0 ,1.0 ,3.0 ,2.0 ,1.0 ,1.0 ,– ,1.0 ,10.0 ,5.0 ,50% ,60% ,5.0 ,3.0 ,60% ,5.0 ,2.0 ,40% ,4.0 ,4.0 ,100% ,2.0 ,1.0 
Jazz Gaming,YeahICompete,Mid-Season Tournament 2,1 ,34 ,8 ,3 ,2.7 ,3 ,– ,9 ,2 ,7 ,20 ,16 ,80% ,80% ,20 ,16 ,80% ,– ,– ,-,5 ,2 ,40% ,4 ,3 ,,34.0 ,8.0 ,3.0 ,2.7 ,3.0 ,– ,9.0 ,2.0 ,7.0 ,20.0 ,16.0 ,80% ,80% ,20.0 ,16.0 ,80% ,– ,– ,-,5.0 ,2.0 ,40% ,4.0 ,3.0 
Jazz Gaming,YeahICompete,Mid-Season Tournament 1,1 ,13 ,10 ,– ,– ,4 ,– ,2 ,– ,2 ,14 ,6 ,43% ,46% ,12 ,5 ,42% ,2 ,1 ,50% ,– ,– ,-,7 ,3 ,,13.0 ,10.0 ,– ,– ,4.0 ,– ,2.0 ,– ,2.0 ,14.0 ,6.0 ,43% ,46% ,12.0 ,5.0 ,42% ,2.0 ,1.0 ,50% ,– ,– ,-,7.0 ,3.0 
Knicks Gaming,Yeynotgaming,Mid-Season Tournament 2,4 ,26 ,12 ,1 ,12.0 ,2 ,– ,2 ,– ,2 ,15 ,8 ,53% ,67% ,5 ,4 ,80% ,10 ,4 ,40% ,6 ,6 ,100% ,5 ,5 ,,6.5 ,3.0 ,0.3 ,12.0 ,0.5 ,– ,0.5 ,– ,0.5 ,3.8 ,2.0 ,53% ,67% ,1.3 ,1.0 ,80% ,2.5 ,1.0 ,40% ,1.5 ,1.5 ,100% ,1.3 ,1.3 
Knicks Gaming,Yeynotgaming,Mid-Season Tournament 1,3 ,25 ,5 ,2 ,2.5 ,4 ,– ,1 ,– ,1 ,17 ,10 ,59% ,71% ,8 ,6 ,75% ,9 ,4 ,44% ,1 ,1 ,100% ,3 ,3 ,,8.3 ,1.7 ,0.7 ,2.5 ,1.3 ,– ,0.3 ,– ,0.3 ,5.7 ,3.3 ,59% ,71% ,2.7 ,2.0 ,75% ,3.0 ,1.3 ,44% ,0.3 ,0.3 ,100% ,1.0 ,1.0 
Raptors Uprising GC,Yusuf_Scarbz,Mid-Season Tournament 2,1 ,23 ,3 ,1 ,3.0 ,2 ,1 ,6 ,2 ,4 ,14 ,11 ,79% ,79% ,14 ,11 ,79% ,– ,– ,-,3 ,1 ,33% ,2 ,– ,,23.0 ,3.0 ,1.0 ,3.0 ,2.0 ,1.0 ,6.0 ,2.0 ,4.0 ,14.0 ,11.0 ,79% ,79% ,14.0 ,11.0 ,79% ,– ,– ,-,3.0 ,1.0 ,33% ,2.0 ,– 
Raptors Uprising GC,Yusuf_Scarbz,Mid-Season Tournament 1,2 ,33 ,3 ,1 ,3.0 ,3 ,2 ,16 ,6 ,10 ,24 ,14 ,58% ,58% ,24 ,14 ,58% ,– ,– ,-,5 ,5 ,100% ,3 ,2 ,,16.5 ,1.5 ,0.5 ,3.0 ,1.5 ,1.0 ,8.0 ,3.0 ,5.0 ,12.0 ,7.0 ,58% ,58% ,12.0 ,7.0 ,58% ,– ,– ,-,2.5 ,2.5 ,100% ,1.5 ,1.0 
76ers GC,ZDS,Mid-Season Tournament 2,1 ,6 ,2 ,– ,– ,– ,– ,– ,– ,– ,6 ,2 ,33% ,50% ,– ,– ,-,6 ,2 ,33% ,– ,– ,-,2 ,– ,,6.0 ,2.0 ,– ,– ,– ,– ,– ,– ,– ,6.0 ,2.0 ,33% ,50% ,– ,– ,-,6.0 ,2.0 ,33% ,– ,– ,-,2.0 ,– 
76ers GC,ZDS,Mid-Season Tournament 1,3 ,33 ,7 ,6 ,1.2 ,2 ,– ,– ,– ,– ,23 ,13 ,57% ,72% ,9 ,6 ,67% ,14 ,7 ,50% ,– ,– ,-,1 ,1 ,,11.0 ,2.3 ,2.0 ,1.2 ,0.7 ,– ,– ,– ,– ,7.7 ,4.3 ,57% ,72% ,3.0 ,2.0 ,67% ,4.7 ,2.3 ,50% ,– ,– ,-,0.3 ,0.3 